epoch,time,train/box_loss,train/cls_loss,train/dfl_loss,metrics/precision(B),metrics/recall(B),metrics/mAP50(B),metrics/mAP50-95(B),val/box_loss,val/cls_loss,val/dfl_loss,lr/pg0,lr/pg1,lr/pg2
1,128.403,4.67234,4.64604,2.89332,0.00027,0.00134,0.00014,3e-05,4.241,4.60974,2.52564,0.0700371,0.00332921,0.00332921
2,291.211,3.72846,3.32976,1.98364,0.02611,0.02397,0.02184,0.00769,nan,nan,nan,0.0400151,0.00664056,0.00664056
3,468.84,2.6945,1.87996,1.47894,0.04693,0.03505,0.04422,0.02275,2.23821,1.65352,1.24944,0.00997111,0.00992991,0.00992991
4,648.273,2.3802,1.64922,1.34334,0.36371,0.04525,0.07184,0.03666,1.96512,1.464,1.16794,0.009901,0.009901,0.009901
5,827.454,2.21461,1.50913,1.26741,0.28243,0.06045,0.08546,0.044,1.85311,1.3736,1.13007,0.009868,0.009868,0.009868
6,1006.41,2.10014,1.42145,1.22193,0.3782,0.07197,0.09944,0.05456,1.7564,1.23835,1.09992,0.009835,0.009835,0.009835
7,1187.02,2.04047,1.36317,1.20542,0.26942,0.11298,0.11471,0.06384,1.694,1.18026,1.08094,0.009802,0.009802,0.009802
8,1368.53,1.96666,1.29963,1.18352,0.17176,0.13573,0.13238,0.07566,1.69822,1.14664,1.07295,0.009769,0.009769,0.009769
9,1546.69,1.94208,1.27479,1.17114,0.3619,0.10102,0.13421,0.07396,1.62978,1.12168,1.05872,0.009736,0.009736,0.009736
10,1726.56,1.89959,1.2373,1.15988,0.39062,0.11725,0.15857,0.08771,1.6309,1.11057,1.05709,0.009703,0.009703,0.009703
11,1906.24,1.87838,1.21141,1.14483,0.37841,0.12736,0.15736,0.08758,1.58096,1.08479,1.04257,0.00967,0.00967,0.00967
12,2083.64,1.85207,1.189,1.13554,0.3735,0.1403,0.1499,0.08607,1.5797,1.04232,1.04101,0.009637,0.009637,0.009637
13,2264.23,1.82681,1.16656,1.12778,0.37588,0.1355,0.15384,0.08777,1.5535,1.03467,1.03635,0.009604,0.009604,0.009604
14,2443.6,1.80517,1.15221,1.12713,0.41026,0.13013,0.16873,0.0972,1.53948,1.02366,1.02866,0.009571,0.009571,0.009571
15,2622.04,1.80036,1.13864,1.11835,0.39618,0.13999,0.17324,0.09855,1.53345,0.99597,1.02666,0.009538,0.009538,0.009538
16,2802.83,1.78415,1.12852,1.11782,0.3887,0.15075,0.17521,0.10018,1.50619,0.97767,1.01908,0.009505,0.009505,0.009505
17,2982.85,1.76771,1.11867,1.1075,0.27348,0.17475,0.16901,0.09651,1.48287,0.96,1.0133,0.009472,0.009472,0.009472
18,3164.17,1.73179,1.08426,1.10097,0.39711,0.15266,0.17573,0.10188,1.47409,0.96072,1.01223,0.009439,0.009439,0.009439
19,3345.76,1.7363,1.08156,1.09981,0.28603,0.1768,0.16772,0.0969,1.46405,0.93338,1.0062,0.009406,0.009406,0.009406
20,3522.35,1.72424,1.07207,1.09523,0.35867,0.19048,0.16839,0.09757,1.45217,0.93476,1.00444,0.009373,0.009373,0.009373
21,3701.65,1.718,1.06787,1.09614,0.39461,0.17646,0.17701,0.10294,1.44956,0.92913,1.00348,0.00934,0.00934,0.00934
22,3880.83,1.70717,1.0587,1.09419,0.37327,0.18473,0.17175,0.09996,1.44375,0.91665,1.00174,0.009307,0.009307,0.009307
23,4060.83,1.69665,1.05371,1.08925,0.31086,0.19008,0.1853,0.10925,1.43235,0.91623,0.99596,0.009274,0.009274,0.009274
24,4240.22,1.68305,1.03688,1.0818,0.28296,0.20458,0.18081,0.10508,1.42785,0.90804,0.99635,0.009241,0.009241,0.009241
25,4419.51,1.6727,1.03397,1.08132,0.30101,0.19787,0.18733,0.11033,1.42538,0.9,0.99529,0.009208,0.009208,0.009208
26,4598.36,1.65978,1.02324,1.07809,0.2799,0.21097,0.17807,0.10223,1.41466,0.89661,0.99276,0.009175,0.009175,0.009175
27,4775.75,1.6678,1.02344,1.07673,0.29422,0.20517,0.19707,0.11556,1.40667,0.88878,0.9888,0.009142,0.009142,0.009142
28,4957.84,1.6521,1.01535,1.07224,0.32454,0.20931,0.1938,0.11472,1.40206,0.88377,0.98746,0.009109,0.009109,0.009109
29,5138.43,1.65499,1.0152,1.07085,0.31317,0.20106,0.20414,0.12242,1.39267,0.89389,0.98672,0.009076,0.009076,0.009076
30,5318.06,1.63527,0.99926,1.07002,0.32332,0.19296,0.20055,0.11978,1.39277,0.88041,0.98615,0.009043,0.009043,0.009043
31,5497.54,1.63284,0.99955,1.06809,0.31444,0.21226,0.20031,0.1198,1.38084,0.87432,0.98413,0.00901,0.00901,0.00901
32,5678.08,1.63305,0.99459,1.06557,0.29898,0.19946,0.19204,0.11429,1.3751,0.86117,0.98148,0.008977,0.008977,0.008977
33,5857.47,1.6198,0.98704,1.06254,0.30207,0.21873,0.20029,0.12051,1.37119,0.8612,0.97843,0.008944,0.008944,0.008944
34,6033.31,1.6291,0.991,1.06189,0.31247,0.20228,0.19713,0.11758,1.37452,0.86867,0.97884,0.008911,0.008911,0.008911
35,6208.22,1.61744,0.98414,1.06111,0.26538,0.22807,0.18921,0.1113,1.36915,0.85468,0.97913,0.008878,0.008878,0.008878
36,6383.22,1.61838,0.98041,1.05938,0.2919,0.22138,0.20371,0.12289,1.36086,0.84984,0.97702,0.008845,0.008845,0.008845
37,6560.96,1.59345,0.96869,1.05378,0.28773,0.22636,0.2025,0.12156,1.35257,0.84046,0.9741,0.008812,0.008812,0.008812
38,6738.29,1.6011,0.96941,1.05543,0.29056,0.23527,0.20643,0.12309,1.34818,0.84341,0.97348,0.008779,0.008779,0.008779
39,6918.22,1.60728,0.96977,1.05768,0.29726,0.23496,0.20866,0.12432,1.3479,0.84029,0.97257,0.008746,0.008746,0.008746
40,7098.01,1.58756,0.96093,1.05238,0.30745,0.22105,0.20586,0.123,1.34543,0.83206,0.97198,0.008713,0.008713,0.008713
41,7276.26,1.58775,0.95856,1.04987,0.28768,0.24117,0.21142,0.12808,1.34099,0.83428,0.96982,0.00868,0.00868,0.00868
42,7453.25,1.57326,0.94722,1.04818,0.29865,0.22154,0.20803,0.12495,1.33757,0.83323,0.97036,0.008647,0.008647,0.008647
43,7631.46,1.5841,0.9498,1.05041,0.26244,0.25585,0.20436,0.12201,1.33159,0.83066,0.969,0.008614,0.008614,0.008614
44,7809.41,1.56937,0.9444,1.04724,0.27782,0.24353,0.20165,0.12156,1.32736,0.82519,0.96656,0.008581,0.008581,0.008581
45,7986.76,1.56079,0.93675,1.05008,0.29866,0.23285,0.20701,0.12538,1.32919,0.82331,0.96756,0.008548,0.008548,0.008548
46,8163.75,1.57409,0.9424,1.04813,0.30312,0.23691,0.21047,0.12657,1.32014,0.81291,0.96566,0.008515,0.008515,0.008515
47,8341.98,1.56176,0.9351,1.04646,0.30804,0.23181,0.20825,0.12447,1.3261,0.82257,0.96655,0.008482,0.008482,0.008482
48,8523.94,1.55923,0.93279,1.04484,0.29157,0.24529,0.2103,0.12542,1.32118,0.8155,0.9657,0.008449,0.008449,0.008449
49,8701.64,1.56055,0.93561,1.04288,0.29305,0.24468,0.21449,0.12989,1.31254,0.81457,0.96351,0.008416,0.008416,0.008416
50,8878.16,1.56152,0.9353,1.04509,0.29336,0.24779,0.21038,0.12577,1.31401,0.81071,0.96404,0.008383,0.008383,0.008383
51,9057.06,1.55977,0.93252,1.04274,0.30957,0.23201,0.21603,0.1301,1.3159,0.80812,0.96394,0.00835,0.00835,0.00835
52,9235.28,1.54988,0.92489,1.0396,0.29242,0.23708,0.21297,0.12919,1.30654,0.8056,0.96232,0.008317,0.008317,0.008317
53,9413.19,1.55797,0.93056,1.04288,0.3081,0.24,0.21959,0.13297,1.30533,0.80875,0.96085,0.008284,0.008284,0.008284
54,9593.64,1.54361,0.92031,1.04414,0.29367,0.24825,0.2179,0.13196,1.30285,0.80071,0.95953,0.008251,0.008251,0.008251
55,9774.67,1.53765,0.91774,1.03916,0.31152,0.24437,0.2184,0.13263,1.30696,0.80301,0.96165,0.008218,0.008218,0.008218
56,9955.08,1.54879,0.92124,1.04014,0.30366,0.25162,0.2225,0.13565,1.29823,0.79541,0.95718,0.008185,0.008185,0.008185
57,10134.6,1.5367,0.91472,1.04019,0.30593,0.25234,0.22158,0.13422,1.29477,0.79487,0.95835,0.008152,0.008152,0.008152
58,10312.2,1.53793,0.91258,1.03649,0.28782,0.25629,0.21751,0.13198,1.28977,0.79003,0.95769,0.008119,0.008119,0.008119
59,10490.2,1.53907,0.91108,1.03705,0.29317,0.25874,0.22047,0.13329,1.29418,0.7894,0.95622,0.008086,0.008086,0.008086
60,10669.9,1.52355,0.90222,1.03303,0.31163,0.25303,0.22601,0.13874,1.29166,0.78894,0.9559,0.008053,0.008053,0.008053
61,10846.7,1.54055,0.91425,1.03746,0.3007,0.25437,0.22149,0.13357,1.2869,0.78862,0.95615,0.00802,0.00802,0.00802
62,11027,1.52906,0.9041,1.03304,0.30217,0.25759,0.22686,0.13746,1.28622,0.78426,0.95496,0.007987,0.007987,0.007987
63,11205.5,1.52826,0.90792,1.03405,0.29746,0.25643,0.22225,0.134,1.28577,0.78591,0.95655,0.007954,0.007954,0.007954
64,11385.8,1.52041,0.89908,1.03561,0.30941,0.25695,0.2256,0.1365,1.28218,0.7829,0.95416,0.007921,0.007921,0.007921
65,11567.6,1.53501,0.90642,1.03171,0.30224,0.25479,0.22539,0.13678,1.28349,0.78068,0.95524,0.007888,0.007888,0.007888
66,11746.3,1.51335,0.89407,1.02912,0.2974,0.26142,0.22465,0.13663,1.27848,0.77896,0.95397,0.007855,0.007855,0.007855
67,11923.9,1.52252,0.89869,1.02937,0.29219,0.26799,0.22199,0.13423,1.27993,0.77632,0.9529,0.007822,0.007822,0.007822
68,12103.2,1.51727,0.89629,1.03123,0.29575,0.2605,0.22481,0.13772,1.27481,0.77292,0.95181,0.007789,0.007789,0.007789
69,12282.2,1.52851,0.90247,1.02992,0.28847,0.26852,0.22348,0.13592,1.27639,0.77685,0.9518,0.007756,0.007756,0.007756
70,12462.6,1.49809,0.88776,1.0282,0.31005,0.26122,0.2276,0.13881,1.2683,0.7713,0.94976,0.007723,0.007723,0.007723
71,12641.1,1.49866,0.88439,1.02616,0.30101,0.26714,0.22619,0.13708,1.26839,0.77039,0.95001,0.00769,0.00769,0.00769
72,12820.5,1.50865,0.88931,1.02902,0.30182,0.26448,0.22709,0.13862,1.26679,0.76897,0.94966,0.007657,0.007657,0.007657
73,13000.4,1.50911,0.89066,1.02902,0.30181,0.2601,0.22361,0.1365,1.26718,0.77021,0.94946,0.007624,0.007624,0.007624
74,13177.5,1.50391,0.88379,1.02347,0.31459,0.25756,0.22887,0.13989,1.26315,0.76654,0.94903,0.007591,0.007591,0.007591
75,13355.9,1.49166,0.88165,1.02251,0.31454,0.2639,0.23336,0.14228,1.26573,0.76771,0.94903,0.007558,0.007558,0.007558
76,13535,1.49936,0.88046,1.02478,0.30483,0.26698,0.22936,0.14027,1.26399,0.76443,0.94929,0.007525,0.007525,0.007525
77,13713.7,1.50136,0.87659,1.02405,0.30831,0.26435,0.23106,0.14153,1.25881,0.76177,0.94811,0.007492,0.007492,0.007492
78,13892.3,1.50445,0.8831,1.02703,0.31111,0.26271,0.23045,0.14101,1.25798,0.75758,0.94818,0.007459,0.007459,0.007459
79,14069.2,1.47971,0.86911,1.02338,0.30962,0.26599,0.23456,0.14388,1.25632,0.75926,0.94715,0.007426,0.007426,0.007426
80,14249.3,1.50705,0.88349,1.02676,0.31798,0.26108,0.23184,0.14232,1.25837,0.75996,0.9467,0.007393,0.007393,0.007393
81,14427.1,1.48854,0.87294,1.0222,0.30626,0.2697,0.23286,0.1426,1.255,0.75684,0.94632,0.00736,0.00736,0.00736
82,14603.7,1.48711,0.87292,1.02145,0.30863,0.26899,0.23265,0.14226,1.25368,0.7569,0.94632,0.007327,0.007327,0.007327
83,14781.3,1.48731,0.87077,1.02265,0.30414,0.26887,0.23149,0.14179,1.25144,0.75508,0.9465,0.007294,0.007294,0.007294
84,14959.7,1.49334,0.87361,1.02078,0.29933,0.27409,0.23334,0.14209,1.25012,0.75513,0.94562,0.007261,0.007261,0.007261
85,15138.5,1.48051,0.86749,1.01962,0.29757,0.27738,0.23292,0.14246,1.2497,0.75459,0.94506,0.007228,0.007228,0.007228
86,15317,1.4947,0.87413,1.02333,0.29853,0.2783,0.23479,0.14403,1.24929,0.75356,0.94556,0.007195,0.007195,0.007195
87,15495.6,1.46884,0.85861,1.01757,0.30632,0.27661,0.23811,0.14624,1.24685,0.75151,0.94461,0.007162,0.007162,0.007162
88,15676.1,1.48898,0.8682,1.02081,0.30715,0.27438,0.23398,0.1434,1.24651,0.75058,0.94446,0.007129,0.007129,0.007129
89,15853.7,1.4757,0.85865,1.0165,0.30355,0.278,0.23369,0.14312,1.24674,0.74912,0.94482,0.007096,0.007096,0.007096
90,16035.4,1.4732,0.85998,1.01796,0.31183,0.27504,0.2342,0.14346,1.24342,0.74757,0.9435,0.007063,0.007063,0.007063
91,16216.3,1.4716,0.86019,1.02077,0.31558,0.27162,0.23247,0.14176,1.24338,0.7467,0.94342,0.00703,0.00703,0.00703
92,16399.1,1.47447,0.86041,1.01756,0.30722,0.27603,0.23297,0.14183,1.24285,0.74627,0.94358,0.006997,0.006997,0.006997
93,16579.9,1.47087,0.85674,1.0168,0.31215,0.27369,0.23465,0.14236,1.24199,0.74582,0.94357,0.006964,0.006964,0.006964
94,16756,1.46861,0.85808,1.01715,0.2914,0.28127,0.23044,0.14023,1.24017,0.74557,0.94281,0.006931,0.006931,0.006931
95,16935,1.46993,0.85643,1.0166,0.28827,0.28486,0.22979,0.14025,1.23949,0.74412,0.94236,0.006898,0.006898,0.006898
96,17116.8,1.48102,0.86392,1.01655,0.2857,0.29132,0.23183,0.14169,1.23689,0.7435,0.94175,0.006865,0.006865,0.006865
97,17297.5,1.45955,0.84999,1.01677,0.29718,0.28572,0.23556,0.14388,1.23603,0.74145,0.94148,0.006832,0.006832,0.006832
98,17476.8,1.47226,0.85593,1.0176,0.30425,0.27895,0.23438,0.14328,1.23512,0.74153,0.94157,0.006799,0.006799,0.006799
99,17658.1,1.46391,0.85109,1.01545,0.29685,0.28228,0.23521,0.144,1.23439,0.73997,0.94087,0.006766,0.006766,0.006766
100,17835.3,1.47174,0.85441,1.01391,0.30054,0.28355,0.23545,0.14437,1.234,0.73923,0.9407,0.006733,0.006733,0.006733
101,18014.8,1.45865,0.84746,1.01623,0.30437,0.28054,0.23573,0.14462,1.23315,0.73783,0.94045,0.0067,0.0067,0.0067
102,18194.3,1.47563,0.85845,1.01587,0.29653,0.28509,0.23764,0.14611,1.23139,0.73618,0.94027,0.006667,0.006667,0.006667
103,18370.5,1.4644,0.84904,1.01551,0.29711,0.28514,0.23704,0.14564,1.2305,0.73536,0.93995,0.006634,0.006634,0.006634
104,18550.3,1.45531,0.84532,1.01151,0.29726,0.28919,0.2394,0.14663,1.22939,0.73502,0.93986,0.006601,0.006601,0.006601
105,18727.6,1.45065,0.84309,1.01265,0.29747,0.28966,0.2382,0.14589,1.22925,0.735,0.93975,0.006568,0.006568,0.006568
106,18906.6,1.45438,0.84319,1.01204,0.29522,0.28967,0.23704,0.14565,1.22787,0.73479,0.93908,0.006535,0.006535,0.006535
107,19087,1.44889,0.84366,1.01214,0.29654,0.29068,0.23808,0.14646,1.22757,0.73375,0.93907,0.006502,0.006502,0.006502
108,19264.2,1.45327,0.84456,1.01172,0.29604,0.28928,0.23549,0.14499,1.22576,0.73372,0.93879,0.006469,0.006469,0.006469
109,19440.8,1.45359,0.84435,1.00927,0.29903,0.2852,0.23572,0.14542,1.2259,0.73353,0.93849,0.006436,0.006436,0.006436
110,19619.8,1.45055,0.83528,1.00998,0.30208,0.28303,0.23555,0.14495,1.22594,0.73257,0.93885,0.006403,0.006403,0.006403
111,19798.3,1.44384,0.83679,1.01061,0.30603,0.28259,0.2384,0.1469,1.22582,0.73285,0.93876,0.00637,0.00637,0.00637
112,19977.7,1.4501,0.84072,1.01179,0.30693,0.28147,0.23902,0.14758,1.22536,0.73119,0.93843,0.006337,0.006337,0.006337
113,20158.4,1.44743,0.83689,1.01026,0.30344,0.28368,0.2381,0.1466,1.22396,0.73074,0.93807,0.006304,0.006304,0.006304
114,20341.3,1.43929,0.83068,1.00839,0.30401,0.28424,0.2378,0.14619,1.22329,0.72983,0.93839,0.006271,0.006271,0.006271
115,20518.9,1.45004,0.84351,1.01113,0.30264,0.28617,0.23658,0.14549,1.2221,0.72904,0.93796,0.006238,0.006238,0.006238
116,20698.7,1.44631,0.83599,1.01149,0.30464,0.28453,0.23647,0.14526,1.22255,0.72861,0.93796,0.006205,0.006205,0.006205
117,20876.5,1.44658,0.83719,1.01009,0.30205,0.28521,0.23628,0.14471,1.22187,0.72794,0.93758,0.006172,0.006172,0.006172
118,21054.5,1.43653,0.82627,1.00718,0.3049,0.28637,0.23696,0.14521,1.22062,0.72675,0.93725,0.006139,0.006139,0.006139
119,21234.1,1.43877,0.83208,1.00873,0.30141,0.28892,0.23824,0.14568,1.22009,0.72668,0.93711,0.006106,0.006106,0.006106
120,21412.9,1.43328,0.82759,1.00552,0.3054,0.28628,0.2381,0.14558,1.21953,0.72663,0.93695,0.006073,0.006073,0.006073
121,21593.2,1.44169,0.82928,1.00975,0.30767,0.28662,0.23922,0.14633,1.21825,0.72617,0.93656,0.00604,0.00604,0.00604
122,21772.6,1.43491,0.8285,1.00632,0.30716,0.28702,0.23841,0.14628,1.21827,0.72618,0.9365,0.006007,0.006007,0.006007
123,21951.9,1.44197,0.83143,1.0091,0.30839,0.2863,0.23842,0.14653,1.21736,0.72676,0.93604,0.005974,0.005974,0.005974
124,22131.9,1.42419,0.8231,1.00591,0.31525,0.2813,0.23857,0.14623,1.21694,0.72599,0.93603,0.005941,0.005941,0.005941
125,22313.9,1.42774,0.82055,1.00626,0.31589,0.28046,0.23874,0.14659,1.21607,0.72528,0.93582,0.005908,0.005908,0.005908
126,22492.5,1.42908,0.82229,1.00437,0.31851,0.27801,0.23891,0.14661,1.21607,0.72476,0.93564,0.005875,0.005875,0.005875
127,22672.1,1.43271,0.82742,1.0074,0.31447,0.2811,0.2391,0.14683,1.21487,0.72404,0.93539,0.005842,0.005842,0.005842
128,22849.5,1.43446,0.82676,1.00686,0.30837,0.28591,0.2394,0.14667,1.21481,0.72387,0.93528,0.005809,0.005809,0.005809
129,23029.6,1.41375,0.81622,1.00354,0.31009,0.28413,0.24,0.14742,1.21414,0.72312,0.93527,0.005776,0.005776,0.005776
130,23209.4,1.42792,0.82242,1.00371,0.30907,0.2864,0.23936,0.14718,1.21399,0.72277,0.93509,0.005743,0.005743,0.005743
131,23390.4,1.42684,0.82329,1.00586,0.30914,0.28563,0.23991,0.14743,1.2132,0.72253,0.935,0.00571,0.00571,0.00571
132,23568.7,1.43087,0.82159,1.00499,0.30965,0.28589,0.24024,0.14767,1.21263,0.72215,0.93496,0.005677,0.005677,0.005677
133,23747,1.42645,0.82114,1.00269,0.31295,0.28357,0.24063,0.14817,1.21258,0.72173,0.93484,0.005644,0.005644,0.005644
134,23924.4,1.42888,0.81951,1.00501,0.3115,0.28778,0.24273,0.14925,1.21176,0.7215,0.9345,0.005611,0.005611,0.005611
135,24102.8,1.4367,0.82271,1.00425,0.31503,0.28503,0.24286,0.14963,1.21112,0.72147,0.93439,0.005578,0.005578,0.005578
136,24283.7,1.42632,0.82102,1.00333,0.31756,0.28445,0.24321,0.14972,1.20991,0.7204,0.9342,0.005545,0.005545,0.005545
137,24462.4,1.4299,0.82162,1.00284,0.31864,0.28287,0.24347,0.14999,1.20969,0.72041,0.93406,0.005512,0.005512,0.005512
138,24639.3,1.42708,0.81911,1.00412,0.31581,0.28359,0.24356,0.15009,1.2095,0.72009,0.93407,0.005479,0.005479,0.005479
139,24819.4,1.40675,0.81095,0.99877,0.31652,0.28431,0.24355,0.15009,1.20933,0.71967,0.93389,0.005446,0.005446,0.005446
140,24998.6,1.42224,0.81686,1.00292,0.31552,0.28602,0.24387,0.15033,1.20906,0.71939,0.93371,0.005413,0.005413,0.005413
141,25177,1.41572,0.81343,1.00101,0.31585,0.28606,0.24376,0.15036,1.20849,0.7188,0.93367,0.00538,0.00538,0.00538
142,25355.1,1.4151,0.81233,1.00327,0.31601,0.28482,0.24377,0.15035,1.20897,0.71882,0.93364,0.005347,0.005347,0.005347
143,25533.9,1.42566,0.81465,1.0022,0.31824,0.28413,0.24407,0.15043,1.20861,0.7186,0.9335,0.005314,0.005314,0.005314
144,25712.9,1.4103,0.80798,0.99916,0.31939,0.2849,0.24401,0.15054,1.20818,0.71827,0.9333,0.005281,0.005281,0.005281
145,25889.5,1.41812,0.81378,1.00078,0.31972,0.28499,0.24424,0.15089,1.20778,0.71792,0.93311,0.005248,0.005248,0.005248
146,26066.8,1.41689,0.81183,0.99998,0.32147,0.28486,0.24492,0.15142,1.20697,0.71779,0.93291,0.005215,0.005215,0.005215
147,26244.1,1.41436,0.81067,1.00001,0.31807,0.2854,0.24541,0.15169,1.20606,0.7173,0.93277,0.005182,0.005182,0.005182
148,26423.4,1.41328,0.81053,1.00087,0.32025,0.28277,0.24542,0.15173,1.2053,0.717,0.93257,0.005149,0.005149,0.005149
149,26603.1,1.41115,0.80776,1.00049,0.32395,0.28159,0.24561,0.15181,1.2046,0.71633,0.93245,0.005116,0.005116,0.005116
150,26783.9,1.41118,0.80901,0.99926,0.32172,0.28276,0.24598,0.15218,1.20456,0.7164,0.93241,0.005083,0.005083,0.005083
151,26959.4,1.41049,0.80625,0.99854,0.32099,0.28339,0.24618,0.15234,1.20451,0.716,0.93229,0.00505,0.00505,0.00505
152,27137.4,1.40849,0.80531,0.99709,0.32106,0.28285,0.24616,0.15239,1.20391,0.71571,0.93218,0.005017,0.005017,0.005017
153,27314.6,1.3989,0.79818,0.99831,0.3193,0.28461,0.24661,0.15261,1.20384,0.71536,0.9321,0.004984,0.004984,0.004984
154,27493,1.40784,0.80159,0.99843,0.31831,0.28489,0.24676,0.15286,1.20324,0.71481,0.93202,0.004951,0.004951,0.004951
155,27670.9,1.40339,0.80279,0.99834,0.31879,0.2846,0.24709,0.15298,1.20276,0.7144,0.93197,0.004918,0.004918,0.004918
156,27849.1,1.40125,0.80087,0.99819,0.31961,0.28494,0.24701,0.15304,1.20218,0.71402,0.93182,0.004885,0.004885,0.004885
157,28030.1,1.40035,0.80004,0.995,0.32015,0.2848,0.24688,0.15292,1.20185,0.71363,0.93175,0.004852,0.004852,0.004852
158,28207,1.41499,0.80712,0.99953,0.32044,0.28513,0.24692,0.15308,1.20166,0.7133,0.93171,0.004819,0.004819,0.004819
159,28386,1.39987,0.79853,0.99716,0.31856,0.28686,0.24673,0.15287,1.20147,0.71313,0.93172,0.004786,0.004786,0.004786
160,28563.6,1.40401,0.79972,0.99683,0.31549,0.29007,0.24699,0.15309,1.20127,0.71284,0.93162,0.004753,0.004753,0.004753
161,28740,1.39718,0.7982,0.9955,0.31609,0.29046,0.24708,0.15313,1.20116,0.71246,0.93155,0.00472,0.00472,0.00472
162,28917.1,1.40181,0.80093,0.99817,0.31469,0.2903,0.24716,0.15313,1.20084,0.71218,0.93153,0.004687,0.004687,0.004687
163,29094.5,1.40132,0.79786,0.99743,0.31523,0.28996,0.24701,0.15315,1.20055,0.71213,0.93135,0.004654,0.004654,0.004654
164,29275.2,1.38702,0.79122,0.99615,0.31464,0.29028,0.24725,0.1532,1.20016,0.71157,0.93119,0.004621,0.004621,0.004621
165,29453.8,1.40205,0.79819,0.99498,0.3145,0.29022,0.24754,0.1534,1.19997,0.71139,0.93114,0.004588,0.004588,0.004588
166,29633.3,1.39946,0.79682,0.99669,0.31487,0.29029,0.24788,0.1533,1.19951,0.71148,0.93113,0.004555,0.004555,0.004555
167,29812.6,1.39,0.78961,0.9943,0.3153,0.28967,0.24749,0.15315,1.19909,0.71106,0.93096,0.004522,0.004522,0.004522
168,29991.2,1.38593,0.78863,0.9934,0.31598,0.28974,0.24755,0.15314,1.19891,0.71098,0.9309,0.004489,0.004489,0.004489
169,30170.2,1.38899,0.79079,0.9959,0.31694,0.28872,0.24778,0.1532,1.19869,0.71069,0.93085,0.004456,0.004456,0.004456
170,30350,1.40242,0.79452,0.99753,0.31572,0.28982,0.24789,0.15337,1.19846,0.7105,0.93078,0.004423,0.004423,0.004423
171,30528.9,1.39662,0.79405,0.99313,0.31704,0.29026,0.24808,0.15352,1.19815,0.71035,0.93072,0.00439,0.00439,0.00439
172,30708.1,1.38599,0.78776,0.99406,0.3194,0.28814,0.2482,0.15354,1.19805,0.71009,0.93073,0.004357,0.004357,0.004357
173,30889.2,1.39037,0.78811,0.99168,0.31966,0.28918,0.24862,0.15369,1.19797,0.71002,0.93068,0.004324,0.004324,0.004324
174,31068.9,1.39084,0.78898,0.99183,0.32082,0.2886,0.24844,0.15376,1.1977,0.70986,0.93062,0.004291,0.004291,0.004291
175,31247,1.38008,0.78344,0.99295,0.32049,0.28885,0.24846,0.15392,1.19788,0.70965,0.9306,0.004258,0.004258,0.004258
176,31426.2,1.39281,0.79196,0.99203,0.32117,0.28871,0.24862,0.15377,1.1977,0.70947,0.9306,0.004225,0.004225,0.004225
177,31602.8,1.38693,0.78854,0.99127,0.3215,0.28861,0.24872,0.15385,1.19761,0.70928,0.93054,0.004192,0.004192,0.004192
178,31784.6,1.38162,0.78455,0.99225,0.32376,0.28803,0.24894,0.1541,1.19743,0.70893,0.93057,0.004159,0.004159,0.004159
179,31963.8,1.38315,0.78282,0.99129,0.32308,0.28914,0.24913,0.15409,1.19734,0.70881,0.93056,0.004126,0.004126,0.004126
180,32143.7,1.38209,0.78177,0.9924,0.32274,0.28886,0.24919,0.15411,1.19719,0.70869,0.93056,0.004093,0.004093,0.004093
181,32324.1,1.37833,0.78268,0.99324,0.32473,0.28832,0.24935,0.15425,1.19697,0.70866,0.93046,0.00406,0.00406,0.00406
182,32505.1,1.39094,0.78823,0.9928,0.32208,0.2895,0.24907,0.15419,1.19702,0.70833,0.93055,0.004027,0.004027,0.004027
183,32684.9,1.38407,0.7848,0.99147,0.32092,0.2905,0.2493,0.15429,1.19678,0.70826,0.93041,0.003994,0.003994,0.003994
184,32863.7,1.3669,0.77548,0.99144,0.32294,0.28915,0.24914,0.15417,1.19672,0.70824,0.9303,0.003961,0.003961,0.003961
185,33041,1.37898,0.78023,0.99112,0.32387,0.28889,0.24915,0.15405,1.19659,0.70791,0.93031,0.003928,0.003928,0.003928
186,33221.1,1.36986,0.77637,0.99162,0.32452,0.28898,0.24936,0.15425,1.19664,0.70787,0.93033,0.003895,0.003895,0.003895
187,33400.9,1.37227,0.77702,0.98977,0.32098,0.29147,0.24944,0.15415,1.19633,0.7077,0.93024,0.003862,0.003862,0.003862
188,33579.6,1.36935,0.77574,0.98905,0.32191,0.29139,0.24951,0.15427,1.19632,0.70767,0.93026,0.003829,0.003829,0.003829
189,33758.7,1.3801,0.77946,0.98718,0.32229,0.29116,0.24966,0.15435,1.19601,0.70767,0.93012,0.003796,0.003796,0.003796
190,33939,1.37272,0.77386,0.9876,0.32053,0.29265,0.24955,0.15438,1.19582,0.7076,0.93011,0.003763,0.003763,0.003763
191,34120.9,1.37802,0.78222,0.98926,0.32013,0.29333,0.24986,0.15442,1.19545,0.70738,0.93008,0.00373,0.00373,0.00373
192,34300.6,1.37831,0.77701,0.98776,0.3208,0.293,0.24992,0.1546,1.1952,0.70738,0.92996,0.003697,0.003697,0.003697
193,34479.9,1.38081,0.77694,0.99196,0.31803,0.29349,0.25021,0.15472,1.19496,0.70718,0.93001,0.003664,0.003664,0.003664
194,34658.3,1.3725,0.77516,0.9878,0.32174,0.29234,0.25033,0.15463,1.19494,0.70722,0.92997,0.003631,0.003631,0.003631
195,34836.2,1.3643,0.77078,0.98549,0.32159,0.29216,0.25046,0.1547,1.19462,0.70713,0.92985,0.003598,0.003598,0.003598
196,35013.6,1.36721,0.77172,0.98779,0.32113,0.29192,0.25068,0.155,1.19457,0.70697,0.92984,0.003565,0.003565,0.003565
197,35192.2,1.37458,0.77207,0.98791,0.31921,0.29325,0.25087,0.15516,1.19442,0.70679,0.92981,0.003532,0.003532,0.003532
198,35369.6,1.37844,0.77416,0.98628,0.32202,0.29193,0.25087,0.15516,1.19438,0.70663,0.92986,0.003499,0.003499,0.003499
199,35550,1.36676,0.77156,0.9861,0.32025,0.29335,0.25102,0.15528,1.19418,0.70639,0.92971,0.003466,0.003466,0.003466
200,35728.2,1.36777,0.76887,0.98691,0.31871,0.29427,0.25132,0.15545,1.19407,0.70652,0.92959,0.003433,0.003433,0.003433
201,35908.3,1.37308,0.77373,0.98903,0.32082,0.2935,0.25111,0.15536,1.19384,0.70645,0.92949,0.0034,0.0034,0.0034
202,36088.5,1.35724,0.76368,0.98577,0.32028,0.29437,0.2512,0.15539,1.19376,0.70654,0.92949,0.003367,0.003367,0.003367
203,36265.9,1.36572,0.76795,0.98583,0.32067,0.29468,0.25126,0.15537,1.19348,0.7063,0.92928,0.003334,0.003334,0.003334
204,36445.5,1.36743,0.76755,0.98591,0.32056,0.2947,0.25136,0.15548,1.19332,0.7064,0.9293,0.003301,0.003301,0.003301
205,36624.9,1.36215,0.76865,0.98344,0.32051,0.29467,0.25153,0.15551,1.19341,0.70644,0.92923,0.003268,0.003268,0.003268
206,36801.8,1.36614,0.76863,0.9865,0.32083,0.29445,0.25135,0.15568,1.19339,0.70624,0.92925,0.003235,0.003235,0.003235
207,36981.8,1.35708,0.76314,0.98473,0.32088,0.2938,0.25138,0.1556,1.1933,0.70616,0.92914,0.003202,0.003202,0.003202
208,37160.7,1.35842,0.76068,0.98282,0.32149,0.29347,0.25161,0.1558,1.19324,0.70608,0.92911,0.003169,0.003169,0.003169
209,37339.7,1.35187,0.76152,0.9846,0.32318,0.29257,0.25154,0.15588,1.19305,0.70582,0.9291,0.003136,0.003136,0.003136
210,37516.9,1.35722,0.76583,0.98612,0.32204,0.29345,0.25168,0.1558,1.19299,0.70578,0.92908,0.003103,0.003103,0.003103
211,37695.7,1.3692,0.7666,0.98637,0.32262,0.29355,0.25177,0.156,1.19277,0.70565,0.92898,0.00307,0.00307,0.00307
212,37880.7,1.34766,0.75663,0.98242,0.32237,0.29366,0.25155,0.15583,1.19255,0.70541,0.92893,0.003037,0.003037,0.003037
213,38057.8,1.35645,0.76023,0.98182,0.32314,0.29301,0.25151,0.15584,1.19237,0.7053,0.92879,0.003004,0.003004,0.003004
214,38239.6,1.35767,0.76359,0.98365,0.32558,0.29213,0.25169,0.15594,1.19219,0.70529,0.92878,0.002971,0.002971,0.002971
215,38421.1,1.35532,0.75867,0.98314,0.32358,0.29326,0.2519,0.15606,1.19218,0.70515,0.92866,0.002938,0.002938,0.002938
216,38600.8,1.35863,0.76232,0.98353,0.32441,0.29277,0.25216,0.15622,1.19194,0.70503,0.92875,0.002905,0.002905,0.002905
217,38778,1.3461,0.75671,0.98171,0.32514,0.29262,0.25204,0.15618,1.19176,0.70498,0.92871,0.002872,0.002872,0.002872
218,38956.7,1.35389,0.75961,0.9834,0.32458,0.29278,0.25223,0.15631,1.19162,0.70495,0.92865,0.002839,0.002839,0.002839
219,39134.9,1.35883,0.76159,0.98403,0.32329,0.29327,0.25225,0.15619,1.19157,0.70481,0.9286,0.002806,0.002806,0.002806
220,39313.4,1.35021,0.75571,0.98101,0.32334,0.29325,0.25238,0.15615,1.19149,0.70478,0.92865,0.002773,0.002773,0.002773
221,39493,1.34986,0.75384,0.98254,0.32403,0.29379,0.25244,0.15607,1.19145,0.70485,0.92864,0.00274,0.00274,0.00274
222,39673.4,1.34544,0.7501,0.98184,0.32393,0.2934,0.25263,0.15636,1.19127,0.70477,0.92859,0.002707,0.002707,0.002707
223,39852.5,1.34858,0.75461,0.98303,0.32292,0.29416,0.25292,0.15648,1.19083,0.70443,0.92855,0.002674,0.002674,0.002674
224,40035.2,1.34341,0.75044,0.98373,0.32357,0.29403,0.25315,0.15664,1.19041,0.70457,0.92846,0.002641,0.002641,0.002641
225,40214.3,1.34465,0.75214,0.98237,0.32601,0.2933,0.25311,0.15667,1.19053,0.70469,0.92842,0.002608,0.002608,0.002608
226,40393.3,1.34287,0.75094,0.9818,0.32582,0.29316,0.2529,0.1565,1.19046,0.70457,0.92834,0.002575,0.002575,0.002575
227,40571.3,1.35328,0.75702,0.98468,0.32579,0.29289,0.25298,0.15647,1.19021,0.70433,0.92827,0.002542,0.002542,0.002542
228,40750.8,1.3489,0.75263,0.9804,0.3262,0.29241,0.25304,0.1566,1.1903,0.70446,0.92827,0.002509,0.002509,0.002509
229,40930.8,1.35291,0.75191,0.97971,0.32643,0.29239,0.25313,0.1567,1.18994,0.70415,0.92819,0.002476,0.002476,0.002476
230,41110.8,1.34257,0.74794,0.97911,0.32449,0.29302,0.2532,0.15674,1.18992,0.70431,0.9282,0.002443,0.002443,0.002443
231,41290.7,1.33802,0.75064,0.97918,0.32527,0.29252,0.25303,0.15665,1.18994,0.70408,0.92816,0.00241,0.00241,0.00241
232,41471.1,1.33032,0.74439,0.97803,0.32585,0.29232,0.25296,0.15661,1.18974,0.70402,0.92808,0.002377,0.002377,0.002377
233,41647.7,1.34247,0.74672,0.9785,0.3245,0.29405,0.25308,0.15668,1.18959,0.70374,0.9281,0.002344,0.002344,0.002344
234,41827,1.32923,0.74316,0.97748,0.32679,0.29301,0.25327,0.15683,1.18927,0.70365,0.92804,0.002311,0.002311,0.002311
235,42006.2,1.34058,0.74799,0.97973,0.32457,0.29409,0.25339,0.15691,1.18945,0.70382,0.92804,0.002278,0.002278,0.002278
236,42185.3,1.33877,0.74594,0.97921,0.32506,0.29392,0.25348,0.15693,1.1892,0.70352,0.92803,0.002245,0.002245,0.002245
237,42364.1,1.33949,0.74639,0.97962,0.32376,0.29457,0.25369,0.15704,1.18894,0.70343,0.92794,0.002212,0.002212,0.002212
238,42543.9,1.33558,0.74376,0.97906,0.32357,0.29451,0.25366,0.15709,1.18891,0.70351,0.92785,0.002179,0.002179,0.002179
239,42725.1,1.33459,0.74221,0.97845,0.32398,0.29411,0.25376,0.15721,1.18901,0.70344,0.92781,0.002146,0.002146,0.002146
240,42905.4,1.33139,0.73861,0.9783,0.32506,0.29401,0.2539,0.15716,1.18901,0.70329,0.92783,0.002113,0.002113,0.002113
241,43083.7,1.33864,0.74583,0.97925,0.32525,0.29405,0.25419,0.15735,1.18906,0.70337,0.92781,0.00208,0.00208,0.00208
242,43262.2,1.34571,0.74843,0.98066,0.32572,0.29408,0.25422,0.15734,1.18882,0.70334,0.92772,0.002047,0.002047,0.002047
243,43440.5,1.33885,0.74207,0.97695,0.32393,0.29508,0.25446,0.15744,1.18913,0.70347,0.92778,0.002014,0.002014,0.002014
244,43619.9,1.3356,0.74266,0.97529,0.32396,0.29494,0.25425,0.15734,1.18879,0.70335,0.92771,0.001981,0.001981,0.001981
245,43800.9,1.32923,0.73752,0.97594,0.32423,0.29474,0.25455,0.15762,1.18866,0.70313,0.92769,0.001948,0.001948,0.001948
246,43979.8,1.34032,0.74741,0.9793,0.32529,0.29441,0.25447,0.15763,1.18862,0.70317,0.92768,0.001915,0.001915,0.001915
247,44157.3,1.32878,0.73687,0.97597,0.3252,0.2944,0.25463,0.15778,1.18851,0.7032,0.92763,0.001882,0.001882,0.001882
248,44335,1.32788,0.73641,0.97682,0.32522,0.29428,0.25471,0.1577,1.18844,0.70295,0.92764,0.001849,0.001849,0.001849
249,44512.1,1.32053,0.73156,0.97582,0.32809,0.29282,0.25488,0.15778,1.18836,0.70298,0.92767,0.001816,0.001816,0.001816
250,44690.6,1.32882,0.73305,0.9752,0.32902,0.29255,0.25506,0.15802,1.18842,0.70289,0.92759,0.001783,0.001783,0.001783
251,44872.2,1.32022,0.73156,0.97467,0.32774,0.29363,0.25546,0.15823,1.18843,0.70278,0.92766,0.00175,0.00175,0.00175
252,45052.9,1.33505,0.73641,0.97607,0.32737,0.29309,0.25543,0.15821,1.18824,0.70256,0.92763,0.001717,0.001717,0.001717
253,45232,1.33355,0.73861,0.97944,0.32631,0.29396,0.2557,0.15835,1.18811,0.7025,0.92751,0.001684,0.001684,0.001684
254,45413.7,1.31997,0.73268,0.97432,0.32739,0.29379,0.25572,0.1584,1.18801,0.70239,0.92744,0.001651,0.001651,0.001651
255,45593.4,1.32807,0.7361,0.97601,0.32755,0.29357,0.25613,0.15869,1.18794,0.70229,0.92742,0.001618,0.001618,0.001618
256,45773.2,1.33138,0.73443,0.97745,0.33025,0.29249,0.25636,0.15885,1.18798,0.70227,0.9274,0.001585,0.001585,0.001585
257,45953.8,1.31843,0.73059,0.97109,0.32955,0.29355,0.25646,0.15892,1.18778,0.70213,0.9274,0.001552,0.001552,0.001552
258,46133.1,1.31603,0.72707,0.9739,0.32962,0.29357,0.25646,0.15906,1.18772,0.70192,0.92732,0.001519,0.001519,0.001519
259,46312.1,1.32615,0.73202,0.97393,0.33004,0.29367,0.25651,0.15899,1.18764,0.70192,0.92726,0.001486,0.001486,0.001486
260,46491,1.30911,0.7236,0.97289,0.33017,0.29374,0.25697,0.15915,1.1878,0.70184,0.92718,0.001453,0.001453,0.001453
261,46670.1,1.31816,0.73077,0.97197,0.33103,0.29368,0.25705,0.15923,1.18797,0.70191,0.92715,0.00142,0.00142,0.00142
262,46849.1,1.31732,0.72252,0.97352,0.33081,0.29316,0.25711,0.15936,1.1878,0.70182,0.92713,0.001387,0.001387,0.001387
263,47028,1.30679,0.72012,0.96998,0.33129,0.29294,0.25737,0.15947,1.18796,0.70189,0.9272,0.001354,0.001354,0.001354
264,47207.1,1.31937,0.72643,0.97314,0.33106,0.29286,0.25714,0.15946,1.18799,0.70177,0.92709,0.001321,0.001321,0.001321
265,47386.7,1.32125,0.7289,0.97173,0.33172,0.29279,0.2572,0.15935,1.18805,0.7018,0.92699,0.001288,0.001288,0.001288
266,47564.4,1.31494,0.7251,0.97464,0.33117,0.29377,0.25727,0.15957,1.18798,0.70171,0.92698,0.001255,0.001255,0.001255
267,47744.2,1.30786,0.71964,0.97067,0.33337,0.29265,0.25764,0.15961,1.18801,0.70192,0.92703,0.001222,0.001222,0.001222
268,47924.5,1.3093,0.7219,0.97173,0.33436,0.29182,0.25763,0.15955,1.18805,0.70173,0.92693,0.001189,0.001189,0.001189
269,48101.2,1.31808,0.72482,0.97296,0.33497,0.29246,0.25779,0.15961,1.18779,0.7017,0.92685,0.001156,0.001156,0.001156
270,48282.1,1.30277,0.72018,0.97043,0.33356,0.29386,0.25834,0.15991,1.18773,0.70147,0.9268,0.001123,0.001123,0.001123
271,48463,1.31521,0.72367,0.97153,0.33432,0.29398,0.2582,0.15997,1.18762,0.70132,0.92679,0.00109,0.00109,0.00109
272,48644.2,1.30909,0.72038,0.97278,0.33454,0.29389,0.25832,0.15991,1.18768,0.7013,0.92676,0.001057,0.001057,0.001057
273,48823.3,1.30547,0.71932,0.96972,0.33474,0.29391,0.25864,0.16014,1.18754,0.70124,0.92667,0.001024,0.001024,0.001024
274,49004.2,1.30821,0.71839,0.96915,0.33541,0.29358,0.25857,0.16017,1.18733,0.70107,0.92666,0.000991,0.000991,0.000991
275,49184.1,1.30528,0.71932,0.96999,0.33372,0.2943,0.25892,0.16033,1.18744,0.70107,0.92657,0.000958,0.000958,0.000958
276,49365.5,1.30565,0.71816,0.9705,0.33379,0.29469,0.25884,0.16032,1.18732,0.70093,0.92652,0.000925,0.000925,0.000925
277,49545.4,1.29666,0.71215,0.96917,0.33406,0.29473,0.2592,0.1605,1.18724,0.70102,0.92648,0.000892,0.000892,0.000892
278,49727.5,1.31184,0.7208,0.97123,0.33455,0.29472,0.25924,0.16056,1.18743,0.7011,0.9265,0.000859,0.000859,0.000859
279,49908.4,1.29985,0.71202,0.96964,0.33068,0.29656,0.25943,0.16067,1.18713,0.70096,0.92643,0.000826,0.000826,0.000826
280,50085.7,1.30751,0.72054,0.96994,0.33093,0.29679,0.25972,0.16081,1.18749,0.70099,0.92649,0.000793,0.000793,0.000793
281,50269.7,1.3106,0.71993,0.96982,0.32903,0.29782,0.25958,0.16078,1.18743,0.7009,0.92637,0.00076,0.00076,0.00076
282,50450.2,1.29704,0.70908,0.96683,0.32932,0.29867,0.2597,0.16088,1.18744,0.70071,0.92633,0.000727,0.000727,0.000727
283,50628.9,1.30206,0.7134,0.96935,0.3285,0.29888,0.25964,0.16074,1.18701,0.70067,0.92628,0.000694,0.000694,0.000694
284,50805.7,1.30668,0.71621,0.96946,0.3314,0.29675,0.25965,0.16063,1.18712,0.70077,0.92632,0.000661,0.000661,0.000661
285,50987.9,1.29667,0.71195,0.96911,0.33037,0.29723,0.25986,0.16083,1.18719,0.70044,0.92625,0.000628,0.000628,0.000628
286,51163.8,1.30511,0.71458,0.96951,0.33135,0.29718,0.25958,0.16069,1.18699,0.70036,0.92613,0.000595,0.000595,0.000595
287,51343.1,1.29491,0.70981,0.96647,0.32972,0.29874,0.25979,0.16067,1.18675,0.7002,0.92617,0.000562,0.000562,0.000562
288,51520.3,1.30049,0.7128,0.96883,0.33153,0.29762,0.26008,0.16075,1.18645,0.70026,0.92614,0.000529,0.000529,0.000529
289,51699.3,1.29702,0.71129,0.96769,0.33052,0.29781,0.26013,0.16084,1.18653,0.70026,0.9261,0.000496,0.000496,0.000496
290,51877.5,1.29687,0.71099,0.9679,0.33156,0.29756,0.26022,0.1609,1.18639,0.70008,0.92602,0.000463,0.000463,0.000463
291,52053.6,1.17177,0.62858,0.94237,0.33135,0.29774,0.26012,0.1609,1.18623,0.70023,0.92596,0.00043,0.00043,0.00043
292,52229.4,1.1632,0.6225,0.93941,0.33134,0.29775,0.26004,0.16093,1.1861,0.69993,0.92585,0.000397,0.000397,0.000397
293,52405.8,1.15487,0.61827,0.93741,0.32965,0.30016,0.26032,0.16119,1.18583,0.69995,0.92579,0.000364,0.000364,0.000364
294,52583.7,1.15426,0.61628,0.93889,0.33026,0.29977,0.26033,0.16133,1.18551,0.69997,0.9256,0.000331,0.000331,0.000331
295,52758.4,1.15031,0.61377,0.93659,0.33054,0.30012,0.26035,0.1613,1.18535,0.69985,0.92557,0.000298,0.000298,0.000298
296,52934.3,1.15077,0.61209,0.93828,0.33063,0.30035,0.26048,0.1615,1.18492,0.69961,0.92544,0.000265,0.000265,0.000265
297,53110.5,1.1541,0.61542,0.93653,0.3336,0.29889,0.26026,0.16137,1.18491,0.69958,0.92541,0.000232,0.000232,0.000232
298,53287,1.15672,0.61587,0.93935,0.33115,0.30036,0.26034,0.16147,1.1848,0.69952,0.92532,0.000199,0.000199,0.000199
299,53462.2,1.1463,0.61117,0.93456,0.33126,0.30065,0.26059,0.16166,1.18456,0.69928,0.92536,0.000166,0.000166,0.000166
300,53636.9,1.15009,0.61125,0.93538,0.33125,0.30145,0.2605,0.16146,1.18428,0.69899,0.92526,0.000133,0.000133,0.000133
